{
  "by_mode": {
    "tool_optional": {
      "n": 18,
      "answer_contradiction_rate": 0.2222222222222222,
      "answer_uses_poison_rate": 0.2777777777777778,
      "tool_use_rate": 0.6666666666666666,
      "irr_at_5": 0.3333333333333333
    },
    "tool_forced": {
      "n": 18,
      "answer_contradiction_rate": 0.0,
      "answer_uses_poison_rate": 0.05555555555555555,
      "tool_use_rate": 0.8333333333333334,
      "irr_at_5": 0.3888888888888889
    }
  },
  "retrieval_by_mode": {
    "tool_forced": {
      "n": 18,
      "irr_at_5": 0.3888888888888889,
      "poison_in_top5": 0.8888888888888888,
      "truth_retention_at_5": 1.0,
      "poison_rank_advantage": 0.0,
      "collateral_damage_rate": 0.0,
      "mean_retrieval_reward": 0.3888888888888889
    },
    "tool_optional": {
      "n": 18,
      "irr_at_5": 0.3333333333333333,
      "poison_in_top5": 0.8888888888888888,
      "truth_retention_at_5": 1.0,
      "poison_rank_advantage": 0.0,
      "collateral_damage_rate": 0.0,
      "mean_retrieval_reward": 0.3333333333333333
    }
  }
}